,Cryptocurrency addresses associated with Lazarus Group,,
,Civil Action No.,20-2396,
,address,network,hack 
,0x94f1b9b64e2932f6a2db338f616844400cd58e8a,Ethereum,stake.com
,0xba36735021a9ccd7582ebc7f70164794154ff30e,Ethereum,stake.com
,0xbda83686c90314cfbaaeb18db46723d83fdf0c83,Ethereum,stake.com
,0x7d84d78bb9b6044a45fa08b7fe109f2c8648ab4e,Ethereum,stake.com
,0xff29a52a538f1591235656f71135c24019bf82e5,BSC,stake.com
,0x0004a76e39d33edfeac7fc3c8d3994f54428a0be,BSC,stake.com
,0xbcedc4f3855148df3ea5423ce758bda9f51630aa,BSC,stake.com
,0xe03a1ae400fa54283d5a1c4f8b89d3ca74afbd62,BSC,stake.com
,0x95b6656838a1d852dd1313c659581f36b2afb237,BSC,stake.com
,0xa2e898180d0bc3713025d8590615a832397a8032,Polygon,stake.com
,0xa26213638f79f2ed98d474cbcb87551da909685e,Polygon,stake.com
,bc1qfesn3jj65fhmf00hh45ueql8je8jae6ep3qk84,Bitcoin,stake.com
,bc1qtalh4l8qc0p2qw70axxjhwu9z7rm93td5sgsl3,Bitcoin,stake.com
,bc1qlq3s8hgczfe62yt94xqasdr5ftuuyrc5kgvpwr,Bitcoin,stake.com
,bc1qy78e6ml7f3p438jqrrlzsewx625y0sr7jsesa7,Bitcoin,stake.com
,bc1qqa682d2q0wtx5gfpxh4yfl9s4k00ukakl5fpk5,Bitcoin,stake.com
,bc1qmqgkxzzfzjqepptw9xzxy03672xg55q559fmvr,Bitcoin,stake.com
,bc1qdjmwm8q74r0yx99nghaeu33xdmz3lqnt2uspqv,Bitcoin,stake.com
,bc1qrqv5f7jxhp67jcgk9wv5jx4795wlntvhdz2a7j,Bitcoin,stake.com
,bc1q82gvk20m08uctmmr97p2mqyxtyh6xf68rwe0t9,Bitcoin,stake.com
,bc1q8y9wc2p9444y8r77xtmswxm9qqw90nrpufkx47,Bitcoin,stake.com
,bc1qqvpjgaurtnhc8smkmdtwhx9c8207m0prsyxyjx,Bitcoin,stake.com
,bc1qfcl8a4ck7uu3phgg5fj6g9servp6f85j3frcd3,Bitcoin,stake.com
,bc1qqydp9muxtnxyet3ryfqc467wjtm23f0r7eh5aa,Bitcoin,stake.com
,bc1qe4n22sduyylws74aewc6y6g32nglvglqu7hted,Bitcoin,stake.com
,bc1qy0ggpxu8f6lta6vf44vervr4py2uu829grj8yh,Bitcoin,stake.com
,bc1q32dzmf4t5a3xxvyxn07scgpmjznnz3kwjhw8uc,Bitcoin,stake.com
,bc1qkrkxgvp2te3xhgn74c2azt4flf9u05y56kh3a9,Bitcoin,stake.com
,bc1q6w7qlaj3mfkgfrxwtvhw45cu86wew7xpjfqcmy,Bitcoin,stake.com
,bc1qc593a4d2hznk2ext3k2zmpdrqazlhhh80m4xas,Bitcoin,stake.com
,bc1qtnuzecpqaakj0dt855n24dv7u5pme7vyct2cf2,Bitcoin,stake.com
,bc1qvjpgxa2g3nvyw2hnclptextllu9dr4vkew8jfp,Bitcoin,stake.com
,bc1qg0qygyv3qfp8cjyy99ch9vc9dp876vl8wys67u,Bitcoin,stake.com
,,,
,0x52cbb6be7ad204904486f89e264029c94525966d,,
,0xeda8b016efa8b1161208cf041cd86972eee0f31e,,
,3QAmBJmK4PbEg1QeKoVYWcP5LGUsjRodcb,,
,0x1016b7835d409692e02ed2035e053fbfb4602982,,
,0x46705dfff24256421a05d056c29e81bdc09723b8,,
,0x2DBC0f6B71e341C7Eca01c5287Eb57AF3038A9c5,,
,1BHnp77MqZGGFaCGQ9J4GhLstPUeBshVcc,,
,bc1q9zlw8sp3qs3qtp9mswg68g073x65lm7v02ta5r,,
,bc1qpnrkqlyznqdw4qpuzzpnqzknqsjxychct9dq7f,,
,bc1qz00xgh24knenhar7adx3tu0lfe6fk99n7w05q7,,
,bc1qx3umk9rwzl80z0qyt49ajec4ev36h8jrdy7ghn,,
,bc1q2cf3hammnfw3dlh7rsmpmmqyvhlpfq4n2hys4p,,
,bc1q8cn703h86phx6rnphx7wjq09lsahx8jcrs5ued,,
,14LcoKEFrtnGzCSabNZneJqRg2zcFvTRRw,,
,bc1qk2h3tgx5mspv9vjh08lhjfqq457jdkcu5vw64m,,
,bc1qllhp9pkpkae7mdw3n0z2u2znjv4f9k5dvyyyah,,
,1As1nMhxhnN3HM9xK5DPmBS4A8E9RgXZXT,,
,bc1qh5jnylxv5030qhrls6j6uu4cufg0kjnk9psfgu,,
,bc1q87cxpu5cgq07ywkyv68tcl6tfykpf2kdzaawh9,,
,15kNzXrVhZ7ZJ86GLyGCUWjDM1EYDNjiSz,,
,bc1qnzhecl9mwc6nv9plrgm9hph7ldm0egjhsa80gs,,
,1DXbMUZwLea1jiYay1CaCNvYwR3chmVfvf,,
,bc1qxsafg5y5tnt7w343tec8l4mehzwhkkqwzvv5yf,,
,DCRKBSHNTY7OCZ4MTR5MWXETALEQ2DEK6SCRX3ROMLUCHRFXBZ2D4YGJUM,,
,D6OVTBZHNIJTKO5YHKKA3EK4ZXSGW4TVMXIAGY27JVMWZ37M7GZRC2MU3U,,
,D4G3AF7I5OVF3KIGF6QBHHMAICG5CWQSW33NBCKUGKZAXH4BISPMJDY42U,,
,CCZMHKP2AFW54II4XS77YBXLA5SLMRXHQYRRFRZA7IE43YWDWFZYF3ZTNQ,,
,DAQH7K6FCKAWCSSI3LADZQXCKDHPOHF53CH4FT4EPZDHPCMM3SQEFAAX34,,
,CLTKYQRL3Y7JEEKGMFMJCX2JGHDZICNZRMTJ53IBYFLPWBHFY6H6IODURI,,
,DANFVITT5NE5RTP2F5SNOBVNY27ZUFRMAZCH7DNL3RUDITC4H5F63RCQRM,,
,D6KLGE5R77WMGKMHBQNR5SBKRVSVJPKVFDZZCCS7J3LQBS4TN7HKHHTTKE,,
,CUSSUT6CAIUUCUFG52ARUJAYFWNYR4WN6OGAIWDL3GIE4GA7MTGNW6BQKQ,,
,D6DYVN6KI3XNWAPOTQHPE77VB2AOVIIUXMM7TAYKPBQFGFTP3WP2KGE6AU,,
,DBYE2VOKDSI5PJUNBPWZNTWSKRHU5NB7OLABDG7EQXHP3WUH32DUYAWFFE,,
,CUEENNYBXTMZXD74HDNONFYNNSI6ILB422T2KRGELY7PPQXMBUN4OKFRP4,,
,CNYSZPI5M3APBKGR2XY3ZIYCF4VWS55VGK5UD4YM2H3OP52AEDO26NAGWI,,
,D4KNLVFGLJXX7ZLN43PUEBVQQSXZCRSKUKU7J54ZZFDF23SPUA46DZHN2I,,
,CZJPZAOJVSUFKLTJQYVBY6N7ZIMGIVIGTMWHVWYFRA43MQY4753ZF4JJKQ,,
,CRF5NGXVQTETHSF73XWLMIC4MJAIQWJMWPM4PKPI4RVYT2I25OLCFJG5PA,,
,D3VWEM7UISBPKO4W2IEQ5PH66GBSKB73ANWZ6D7DMWUPC7PZYGN7KS7N4M,,
,DBNG6IDQWWBXVFTSNBCNHB3JVQZ7TWRO5FVUAGQPYD4AGZGGQMCUO3XI3I,,
,D47R53JAUW7ZSKYP5BFT4V7SFTSBD65BFJH7C6LAC6ZQFWQWVBNTG7LQ3E,,
,CWNF7XCDPYS3WSX4ZRWJPURTYPW2IB5OEV4GAQMDKKAQZ2C27FHATGYGLQ,,
,BZ4O57CAYVH6EYUKHZNVEGPTICFFGVIAOQCYKXZLZJIGFGZGKU74VVHRXA,,
,DADW2L2XBZBBJNWJ7LEBNDGBIEQXYCQLINU6HAJNH3GUXEQN4ZNUPI4BS4,,
,DBNNBKS3ULMJS6FSKWOHF2U6ZHIAT5VJLEWM2ZPUGLOCL5SDIVUKJRPNJI,,
,CXQNFOTJZRMJEGHQ264Q3DVKDITP6XCXEGVVGWSYQFADPKIZI5332FRU5A,,
,D3PLK6HOOXTM2LMRMTXAL2SSD2KGWBQAP4HEH5KNJ5YD5YJ4WUW3YXYGM4,,
,D2C7ECOPJYOF4RQRL42THGXMNZO63FJBWMPCTHN2FJYMDXNDWLUV5564NI,,
,D5HJ2JXFYBMER5AF7KECCB4BFQLALBCEHUNGKCWE7C4QIX4M4PBFSSD3DQ,,
,CVVIHBHVJGLDQD6ERJIYY5MZ7VQOJF2KXFI6URUGPFMJNBU5VAKCZS3VIQ,,
,CTM6PDELXLAYJLVZY4NH4CUUIW7QPGRYY4EDCAZELVWNNKNMDFVYB56VOM,,
,CJK2LWFPIAAFRS65UDMYNBVXHYIU5WSTLV6LZQNQM6UGKIKPC4KX2NAD2U,,
,CSAUJTTXE2RDEDP363ZCD7NKGBN3LTUWNDER7TOPKLL7TRK6CFF2XNVKL4,,
,DA26WFJD6ZPQW3MGPDSFNIKYXPXCURRG43DYPMVJLZCRA23IWZVT4LT42Y,,
,D7LTCFSH7XJZQW7STL5USFGAFKREGYD3A2L33WIUPD5RTGWEE35YORTFII,,
,D2LEEU2YOGB3S43VTRHZLPJN5MUNIYH4YPQ6BHE7KQBXJLKUHF47Z6WG2E,,
,D4XWPOKN6DZLUV6E4GYB2UL4N4FCGI3TXQWDCOWMTPM373GBW55XDOJIKE,,
,CI2J4IJEK3SYOTPZMDKMRXBM2EYQGB6IIRDNJCXCNSSINPZYQKA5PSFIDQ,,
,CQMTUOGANIIWVB363R4Q3Z4D3WHEUQ6FAQPFKDB6MNWDE3EJ45NNNLHIT4,,
,CYEFCWI2LX45XP33KYMCEVXYRD7GZYZJZGA3VIZQEBMDL4COKUEFRADPFY,,
,CYZM3UXFMA3BUKOTG3OMVZ2NUO3UG53TG3AVAPMV47WSISU74LG4GW3RBY,,
,D3IQLA3YSSFCKHWE225666SR6XDJOSAJYBP34QFDQQNLCP6ZWL6U5DSI6M,,
,CIO33QCAX5EDDEDX4R3BW4KHRJBXLRU67XJ66VTMXJWPG7LAJEYT6IJEWI,,
,D2CO3KW2KDTJMYJ7CHXU7N7BSETVJORCZSUAHZEGQJBJJ6OGAN5OOZYAHY,,
,CXZ6HJZKKSTKHJHVVAFQGMBUESHFYB2ZI3IVME6AYJBWUSLGUTP3QRQOZ4,,
,CKGZTGNSSAJ4SGYOZOQ57AHR5CQPCCAYHQIYO64C2VAYJZVCUASPO422GE,,
,D2S4RV2U5CP3UFY4ROIHKOCJZEZ6EXW43KVIJQXZ53UVUX45FR3KC7J6WA,,
,CIYUUUWUFUO3KOU2XN46EV6DE5KIAF6UKNR5F4H3NVOYPWCX572Z5XABSA,,
,D52ZWKZYL5OV4DACHQXFQ2MF7Z4RVVYBZ7XPOEK2AVRRNSR6LVVPSNEMQU,,
,CHCWVJET5CNBHVE6777JVDLGCPUTES6PQ65JHGFT2AMJQHSBKQUFF5BEQM,,
,CTLOI5VNBZTRGCSHZ4VSVSCWOUYCK42Z6XD3N4GLEQPEBJTG2S4GXT7GSM,,
,D3M2TNEBRVCOVGTIRD5SNVVOBZPI7RCS6OL5JAE3XDBHPEJCQLBWFJYNFE,,
,CXZ45FS3KXXGKNGDQYESCS7F6P6NE34FFFZZUBD4V4GD2S7QUUW3IGPHSM,,
,CZOI6Y52ZWD2FNFOUGZJM24PCSMKYZPDJ4KCUH72NIPV5435UHSQ5T2NGI,,
,D4A5RKQ7YZNBQ74U2DZ75JDG3E66IRCUKQSFWV22JH3A662CVK7BUI76LY,,
,CX5EQ2IBGB35U235BC7SA7FNAKBQEREIZ5DBHXCVZZUNF4XTOUVR5FS3JU,,
,D3K76QIQJWN5ZNLSW4ZZCSWR5CZMLYRCIFSU3ZVVG3XDLKKNQZSRRZPDR4,,
,D325OBHIQ2CJ6JKF2I3GJWDL5NKVC4ZT27FSWX3H4U64QVGPMRQVEODC4Q,,
,CWIQHIZ6MBDZ76QYTAAWX3Y2Q34NMMBIVVB5E4RSEYQP75LMNYBFUYLAJE,,
,CYNFLBP6VIT4JSK6QRYAU3O7THPOXDWLGEH4VLRMABLS5NRNMPRSAAWS2U,,
,C7NA45LM4JUYLQWPIBMC5MB6CQMX2IYCGQSJAOPCXUUMWCQBDNTTXUSIDE,,
,CPANMWE6Z4Y52DHDFRDGGNYMAXV2FROFEDDEZC7P74ZS7CZVK53T4QTWS4,,
,CWBJKZKNW326HB6KJ2UAL3M7UNOFMVAV2ZJPCC325EKYKWCFCGKRX2TMGQ,,
,CXZ22XE2N6ALFPLYLOTQKXEBP2TG7R6JNTOSV6J5MXRPGVYYNX36REXJKU,,
,CVNDGR3MVJRILZ4UCBCTRFCCQ4PV3FL3C3K6MJ7JVIQHWREKJX64LSCDUM,,
,CNMYEZKLIFG3WA673H2JPC3W5LUYS2ROIBKS7P2NN4SABXUF5G4MMGHVN4,,
,D2GBI7YXHWHPI6XG2DJIWHNQHGTYYGSVECVI3ROWOFNVOGKPBXNXQLGSFY,,
,CYD5HSI4LC74R7DRZNRBQNS6Q7ACNCOSO4I5DTMH5AK3XQJPNOSBNDYDPI,,
,CQ6FVHAG2M5JDS4OILOKDXCDU35B763Z6C5B7ONHRZ6DLIGTX54XCGLWP4,,
,CZOAJAYS6MT742KH73RPB7QB2NKWUSZ7Y3BU42JRPMO65WQ6KEYM4332SQ,,
,CZZHZSSX3UL2GYV4SPB4WIDRRV67QN3VN24D5YA3QZJDPPGKXDGNFHL25U,,
,CW2DX3G2HDDYRP7KZS7CPMCUFQTODTYJPKUJA2ZGA65OOF5K7I7PJLJGRU,,
,CVVVHGHMFPO4PXC5JQMYHK7ADRY5D2TOPSSRHRO5QLORRNEDER6VN32Q24,,
,CZ6KBPPIGHDBYWFPJIRRAXRIN5KQXXBTWKDOUBZ2PWU6Y7ZIJH4E4UDWNY,,
,CMBY2EENNVKEFU5USWCM7UGMHLKPXLOWG5HI36MPRAKOS3D2MOUTE5M2DU,,
,CYAM42TJ7SS3XHPVBVKFT7RVZ5SJXFFBXMI73TB7WYDIIPVPBB4ZBDMMWY,,
,CYMNKNYWZVVU4ASE56CIOYILPKNJIIKN5MKXJMPALTJGVPO6TBQED4GHWI,,
,CHOWLPLVNA3BZ2GNXJZV2BCR7XAPX4DP7RCX7I532LCGON44SB4ROLC3KU,,
,CNO2ESTI7WKYHRLV5K2TB4QF5P65TCH3ECL6EY4ECZDIJWAEPNTD6BYJJQ,,
,CYHRSCQUMNC7WVLMKQK55MHDMJKYG5BPE4UNR3WZRYM5B7CZWMVHNNUJRE,,
,CJZUPZTH7RJ6MUQKFKYJV6IDAFM2L5ZJSYHDUT3GIKYBM3B7ZMVCHKF5FE,,
,CU6Y6THUUQZR72J2BQ3P5PVXRFLNHRZRPZZ4YUZQAPGVZ3G7PJZBLVWLLE,,
,C2QDN2STNZIZKFXNXY6CBS3HWU6B6CDAXIOE3PADOVCNH7YNEFRGZPZ6E4,,
,CSWL65ZFTFLSS3UMOODU3GI3FKOE2EKOZY6ON64U3XKILWR322K2D2OEFI,,
,CTUSJ4XY3WMD4NZHVIRPCRPLZATLJZQFAHJC72KSEMAHHLDHMPR7KKAQB4,,
,C3WYI3ZP57HDGQMKCY2SXUP7LZGKGWKAPOF3NEESHKRXAESXHWMAUY7UGU,,
,CO2QR2XZAMIKECXPFL4OFFP527MAV3LXPQFVRWO4J7ZAICICIRCABCG2TQ,,
,CSTQDBDWCF5SWQ22WBQXK2VGGEX2DCR3OQIW3KTOFNIR5N5M6W6RW6D67Q,,
,CY4EB7MBUCMQWIV3Y3VAZDYWKNUZKIRJCKB3LSUXMJF6WQZ35AEH3L6NWQ,,
,CRLVEC74LECHRNAVRW5KJZRSL6UXCBVSCGB3BF77MSXOKMCCG3DQDMJNRY,,
,CRRJ5CREC7RQJ4S5USSHTIPICVTMWXDQHZ4LRJJPALW7LAH5KNP5PQX4CM,,
,CBWBXDJAIALZV6YUZZY3LY4V4PRNAS5QPOD24HD4N5JSQAU3I2XZC7WVGE,,
,CGDMC7ZN4WWCKAGJWXPCFGSVMEXQ4LVFMVP5I75HGVIMRRO5V4ZKFSGMW4,,
,CPFQSWGCU4EAUFW4VIPIK7XOYAXGBL6YWBPRKRLP6E7SHSPO5ZYX3QLQQE,,
,CVWRZ4LPPU5PNPU26BLXYUVSYJLPLPF7TMRQWAOQIVLWXSBMIXUOZL7TIM,,
,CLV7CWXEFJUR6373EL4AI3IOUK5ABF57IBXGJEQT7QK4OPH36YGPURW3EI,,
,CZERVM2EK2CSLV6OHQL4JWSAIOCRBT362WSFP73KJ3UVB2LLBVW4HJM7AI,,
,CRBXNJRTE4DCWVOS5XAK5SQ7PUG4TF5FIJ52VLTV47SYUKAZC2GLG5OEVA,,
,D5OSU5G4ZQBK7CH2TKVAUCSSQGJ2NUGTDKCQUUA7U7SKMHS2FZQGKFJ3XE,,
,CJQU3R7PDR7RI4DFBO6NTTMGIZHV3C3M6Y3SNVFL7PKFTWCC533DPNFCUQ,,
,CL6TF4ECREQ5QEV3MPRIXPS6NOZ3BWIAVASAM2LZJMNODBALNPJPGOLPGE,,
,CXS2PRGINQWZIL4YZCOJOUBJRHGG4DHT55X6W3QW7RPFVYXDQC33KAAFKA,,
,D3YUGJAWBFCAG3XHVYL4X5VKSLNHLXD2LNKLXFCMCNK6QUKVGIOCQAPIBM,,
,CTSLGWCHGT7WK4KHV33T3YQBQZIUIYN5O2UHZYWJEXKNFK3TVX6SOWJUHM,,
,COQE3AXY7IBHWJS2T7EWJX5D4D3XF4J5LFQJ44XMFB63B6L4RIKB2FY7OM,,
,CSNYBUJPFPO6LPSNW5FV4LRWQDY63C2JV7ON6YOTZUQP7X24HBAJUFOB4I,,
,CWF6VMV4EGAGD2UBYNKLM3373BSVLRTS4CYSJ5FSMGBKLENGHXBMDHFI44,,
,D2SQTR4G6TPCMA3V2ICHTRWOZAPLZCFZUGUJX7YIWJK4D2YQWH2YQIEW7A,,
,bc1q5gv9fjpxgqurzzekhnpqa6pnq98uhu0wumcnzh,,
,bc1qtdgp95m5x7w4hryp4ctazf55c0hwu8vkw6s4c9,,
,bc1qwm0dy7wkwnkkwvfgejxd3geaecdsj8l343at6j,,
,bc1qw0e7ls4ttus9r6j32kn8078q7sgqzletuvzxa2,,
,bc1qhmv7k95xhca2x7h20yr7qmc0kvdfwqwlfs2cmv,,
,bc1q9xsunf8dqewcujyjt2pyz24nznjkwm29569wqn,,
,bc1qfvgfvckc8dykn2dee4r40g478jcke6k3gsxwy5,,
,bc1qhvwnql30la8zekeyd6sq6w9gultvacfmf0x952,,
,bc1qvhp33tdgpdmqcwfztsz8rjgr8ygjcssdpld68x,,
,bc1qf57cnnl55ar8ae2zm9wrgrpz7z8t3e3vxmyq0y,,
,bc1q788lywseynl95asx53t652jlzwmrmj66qdakaf,,
,bc1qlrv7qfwxd05pq3jvlqfrqf33vru7efrwt8le7n,,
,bc1qnnre8nu263wn8yrnc0dqqv48530mzn06vsg5vk,,
,bc1qlm409u5cegge54uxgyz7f7zn7v8cc49fmtzwwq,,
,bc1q90sjl7ykuwcyrkl5t3zexpfv0dqtm3923eqhxk,,
,bc1q3z8w5jmgzdx9nfnjv0xxtvqe354t00xppceaum,,
,bc1qns6q7kjewls42qaf32pq4vkn6p5746ut602t5v,,
,bc1qzywf80ap334jvjfscqjvfuyyhypxteal2w2s3j,,
,bc1q3lfcz7c3uw34825chdzu0eqmvcp230glfcqc7m,,
,bc1qhtj78mlqv6a3ey0232v2kypq8m6udhy670cl7c,,
,bc1qwldjepv2p6md583xd4jy4hkrhyar320a9n4sdz,,
,bc1q5ds8sjtk8vdzzlkrpyf5zuw9txlujan44ny525,,
,bc1qnkhzvtwcgt967uttmdg9xr0rspk8ehqcp9yzxc,,
,bc1q9ecf5qkmza7nym4c593ktr4lnruyk5q7alhxmn,,
,bc1q6pdu9pcdeqzsr00m3s5jy8988qp9uaypvgh4f4,,
,bc1qte606xucpptfkdctp0pmmxe5kdk9g03m32cvvl,,
,bc1qxs6gz66e4rz37cw78zv6qugexs3t5mk0enmf39,,
,bc1q7tnuph04knh40dkphp6cktakq56usnqzjkfdxn,,
,bc1qefc3hgtwszqrl8jlkauewshc5t60w72tz00ktk,,
,bc1q4h47x948cgwuyjtdytjyr974udr2y4jvlldg05,,
,bc1qgwqjy3ens22ecl2em5en7cqfdyl2mfrylhnqhf,,
,bc1qy24rqhjsca05gmn4s4pmg2gqwv0ydehprp3c7s,,
,bc1qe5n20acas6akpn2g0jxuk3vytjkvt4jh2thf4k,,
,bc1qkr8m4wvndesu4v92ulnyxeug4yta3nyamye24s,,
,bc1qyauwwxkjwq3rq0vyj79s3k3xlllvt2fy7wa9zk,,
,bc1q7ckw4s5jra70f3t0cfm99vlx4j0ewym0snanhr,,
,0xeb0e94dcb4a8be477e11ca35b043be4b301f735e,,
,0x8bB65FB263585D04a139D4213CC6A96637FD1Fc5,,
,0x742B115424Ccda93d9228cA9aa56ec2442b94CA9,,
,1LEvp3YQYERyuDSpV7bHAgqHaXhxDme59R,,
,1ANKiPsYo12uek8nKPermBTFEHK8tVcT22,,
,1MfqK7q7YYYGnzCQpkkgwsr1vvGBpF4Gp4,,
,12YcetmDe2mWeRQhF6GKixFqDxxRdoSHUw,,
,154Z1J4Lf7Fedsqx6bNxs7CVhLQX7LqJVt,,
,13PCPwJX8aLWKq9hJqcaeFTFubE7WdnbBN,,
,1JwueJtsYonmkyfmaK5KMZBgVZz9nPBuac,,
,1Ya3Vv1si13TayfqhTH5ueVpmZdt2iPzx,,
,1LzKztXkfDZYkH1qyHyBTb6yn4vQzysHh8,,
,1Ee3aNyosfXVtgGPjsR2nM2qUfqFKX6LzE,,
,1CtSWX7f8i2Lz91gfGFL67i1nxG5Prn4rR,,
,1NzecyhqEx9YFL8brpnFw6ermEfsEayDt2,,
,1EPeNq1P2WiWamEGwTZ2U4jCoFp1SWhCAp,,
,1K8WCS2Hkh61NQZfRfH9mn69GMYV5qRwym,,
,1M3NpgnpbazbcYFTVz5f1ThtPMSHMvQpUF,,
,19m1HvBscdHjux66CUoPEyiyp7PM9GxcKQ,,
,15voECtiu2K4nccwbMYwpWuUij8Jp3Wt3r,,
,17T2TijGn2f4basCSMdRHZn8eMaDKQPzuJ,,
,15kVYmnKkU4XkDmgKEic6YKXWotLwkn6Zj,,
,1MT3gfWChDNWJYJ7PMDDxGd9ttBHBm5Aci,,
,1GsLNuub5FT2QkBw68VZ8N9nJ53WTVj6wi,,
,1EMgDFko7FYGpfqY8CkE1GPGVRCvZTuiAW,,
,1Kd8GwUWAhJcskDhcXhP8b2yTk22tWxeQX,,
,12khRBotv54N235dwyeouYfYRnR8f5ePM8,,
,161MfHMaPMP1NeY48XHuiq57gavJQmASEe,,
,1Z5KPQEj7vReoVHFc674QuS7LWnQ4sRaa,,
,1EXnSic4ZsD1d7pjt6u5Xv7zK3BCm4rwvZ,,
,121J5XRTBSrt5783jW55HzXvEMHmPAoTRZ,,
,188jjzHMzW5tTabZe8foCpD4rrBq884Mwe,,
,1E1akxCiziVymLK7gUod2XkeGWwrWbzp6s,,
,1QGAGP93w4GjQGGCCqrjfCow9D9TcwYhs1,,
,13W9T9kj6XDpHpvygKbzxJvVQkW2AwnTb9,,
,13coFqMThfJ3HAUh9mu8smskHEK93Bu8iB,,
,1RCi3TWt4ikPny356HbJDv5t6cFc9j2JX,,
,13ZgSjJ2G7JewHUnorLn5v23eoiDBsbMAa,,
,18bgaesGQtGDvXThhThR65skk3g86ye135,,
,1418puf9SVtQNzVF2P4Uw3mB4c9rULqabq,,
,1Dvvir6yhwWbXCDvQXYRsWNcp8CTpUHPMx,,
,1AJEwAZosXzuKrYM4MsHYcULofqDaMdDtU,,
,1GhEJdP4GyiEABBiBse6tbe128QPfDG9rA,,
,1Gkc68BLTuUitkuP41Z1PgxJBwb8HHZtuA,,
,19duo2vntPtnjvq1MRS19LKgmJ4Jrj4bQD,,
,12Eg4vXMcYgZLrWduymy8EmsUEK2etG9Jj,,
,1BQFtGbQoz3gmV1WvEbZamPj9bPEuJLLsN,,
,1KEmCvVw4DGhSxgZ5HHCw9b57kZ61Mn6Rc,,
,1NZgueXDQUm2hcBCnAApNUwsqPAPmVx6PY,,
,1PdRxEgyS4exU17Skg1L9Kh7FmRZxKFHCR,,
,1DpuH87nZfwnWYwrxuqe5dhW5DxJsL3LrZ,,
,1Nzu3Jby4mtDMREm3aaWGNbqRc3h4CqD3X,,
,1AHr84HcNj7U75DntNTZVJvx2ShAAE5SC8,,
,1GCdjgqnZ7jJ4tKZLftrwZQGWHnprTDj1t,,
,1Fmn17TPqAmCpXeUJFASxQ1s9AJyP5iPV,,
,1JJNhoRBnB1dsZZJMJ1m6LtEdgtoWZfa3J,,
,1J6H5YAJ5VfrCJnpwVpnPpcoWcENRZFtYs,,
,1Eg1w9Nnf3JS7FC5WLFrpqdaoxfpUqCrWZ,,
,1AeuzJE4Gr1qSU7EYXWEKaREPsGFLBHye5,,
,1DJ3dNyUcRbFRC58VGF8GR8RUR6gc3jVWg,,
,195VRNyucLi4uLfMQj6QSXWLVCFtT7wg3f,,
,16ePr6UqtE8M3s3WQvxR8P3QtdjXRhxKfg,,
,1MbAYj5FEv59tgTxFDfRDvuPrgPJBixMqM,,
,18Nh9RZpZDp3PVP64x4iaJKgejY6XagNX5,,
,1G1bxjmWfjpA3NDixT4U8QEyvtNyQxYLhG,,
,1GZ3B6dYLtt8k7GUZxWhcGA4P2x5AvinYy,,
,14PxGCQDgrZtVG3MvpecXbqWZZknRqvf4b,,
,19tbULYdzocrWhY1rBJXxn36oQrx9otqZA,,
,1LMumzf4KgPdsRHC2aSvgz5136Tt3HVqrB,,
,1QFaLxx9TGmH6nS9ZTcJJwTtJd6Dr7gHi8,,
,1FEUR7gYNo62GZLfZuF1AoCo7k6nNV3oNK,,
,1A5dVQg4xBnBhdbGECdJ6tJL5AVNBywS8V,,
,19ZYnDYCQSCSLZqCv9PV7iQa5dwcnFfLmC,,
,1mqZLJbqQLVHye9AdHx2q9DeeEGnx1Ucq,,
,1E38kt7ryhbRXUzbam6iQ6sd93VHUUdjEE,,
,1HkmNiYEAj2hEktLK55qhfjTdurAVcd5Dv,,
,1HHr5CaguMUQPPuRcn3E7CzQEUr1ANbQjv,,
,15nEAKCqhsc9jemcamXrV34bEkY94ATwwk,,
,18jNW8GKqv19mtUY5p27EpcaUUS2YcMs1R,,
,1HorBze2ySoCE1Uf6tuKhyL9wdHGGBRrUW,,
,17YrGQ1RbWBeboPkLZ2XWZHtVP3ifQFNCz,,
,1GeDEW8rUCLnp73Xz9sKCvVE4MwtnPgXs1,,
,12fbGWEF11sYjLK2LXK5nrZAHurEizdEWG,,
,1EPzw8Zv3SXepEfgj5SxYzCmmBqeaiJq1W,,
,13kFwLpg1KkBEmJyh1VZuzgRTBdeHW5ic8,,
,16RiuUih7GTMwd4TGYxQ3HqFaMzNKJhUd4,,
,1E8UAStQHBxUwbHgaKCycL6w4bPvYhVdZN,,
,177Cy2BwkuBJhwqdHQGVqGr2X3tQyKfz8Z,,
,18juhhXUko84Q7yfHM7t7MZ3xPHSy3CaGm,,
,19k8sMW98S7ouVidJzLvHFibb1MvMv7LsB,,
,1ABxRsdAYxcP7EDBqG88g7YMUyxHE3XW4h,,
,17k1tXLo6n2sSi7CgEgBSEbTJdngyhfyyZ,,
,1PcXunfRsrkiTfmiqZoY4EbVYqTeSy77Ex,,
,1GDdzW4cqfuRQWjSumfUg46yyqMjXthrvV,,
,1AddLyqEcTj3D4YMTrU1dwanU4jYw92Qxx,,
,172CY2EKYP3ZSrJC8mc15BQSxgjrjv87NA,,
,1ELL8mm8bCRXB7tSMhGVmjamo2mRrALjL7,,
,16bUoLU4wyPXpAp2f44fjSgRLW2mBtiNnE,,
,1GZ1Gwe99SdB3iGLQfQPYTXoM1f8xhNYBe,,
,1A4oTddEWJHirmijSboUqsRSXWQpVxy5Qk,,
,1GEZAVEW8WezL2Pnro35TC1DbjTa7waKmR,,
,17cHkKEyKCdCf6GdSFTdzWf3twp24boB3w,,
,1AYidQgj3LJP7zjXNHSeRq5siSnXhawGRg,,
,1Jeup4LVUMC3hVvFXUf7rqUmE43vnD53g8,,
,1AkCjm2EeuczickGL6SHdsmnoLpC9SDAf9,,
,19xYNAKa9XWyvHsfUZNcc44RSwT6nXcDoD,,
,16TwdEPrLpMe2zEyDNRZLccG7agEbnBsBp,,
,1BDh6aKK4t2JyQJfMS2ZAfp8AGZZbq1hqT,,
,1itbSqDkSrHCtZ78GnA1N1ccDaXEcmSVd,,
,1BCq5EfSUYUHPkwp4xVCBXiaDx73RvhPDZ,,
,1QocxVj3j8nFMnsmKxt68XvZnXzgqgxqN,,
,1A3ponnkRfe8x4yoFk7W68H4gcZtG4uoiP,,